<?xml version="1.0" encoding="UTF-8"?>
<configuration>
    <!-- 属性文件 -->
    <property name="name" value="sys"/>
    <property name="dir" value="logs"/>
    <property name="sysCode1" value="&lt;zjhsysCode&gt;" />
	<property name="sysCode2" value="&lt;/zjhsysCode&gt;" />
	<property name="serviceName1" value="&lt;zjhserviceName&gt;" />
	<property name="serviceName2" value="&lt;/zjhserviceName&gt;" />
	<property name="endpoint1" value="&lt;zjhendpoint&gt;" />
	<property name="endpoint2" value="&lt;/zjhendpoint&gt;" />
	<property name="trace_id1" value="&lt;zjhtraceid&gt;" />
	<property name="trace_id2" value="&lt;/zjhtraceid&gt;" />

    <!-- 默认的控制台日志输出，一般生产环境都是后台启动，这个没太大作用 -->
    <appender name="stdout" class="ch.qos.logback.core.ConsoleAppender">
        <!--<Encoding>UTF-8</Encoding>-->
        <encoder class="ch.qos.logback.core.encoder.LayoutWrappingEncoder">    
        <layout class="org.apache.skywalking.apm.toolkit.log.logback.v1.x.TraceIdPatternLogbackLayout">
            <Pattern>%d{yyyy-MM-dd HH:mm:ss},%d{SSS}#${trace_id1}[%tid]${trace_id2}#[%thread]#%-5level#${sysCode1}%X{sysCode}${sysCode2}#${serviceName1}%X{serviceId}${serviceName2}#${endpoint1}%X{uri}${endpoint2}#%X{sleuth-tracId}#%X{sleuth-spanId}#%logger{36}#[%method]#-%msg%n</Pattern>
        </layout>
        </encoder>
    </appender>

    <!-- 配置文件轮转 -->
     <appender name="logfile" class="ch.qos.logback.core.rolling.RollingFileAppender">
        <!--<Encoding>UTF-8</Encoding>-->
        <File>${dir}/${name}.log</File>
        <rollingPolicy class="ch.qos.logback.core.rolling.TimeBasedRollingPolicy">
            <FileNamePattern>${dir}/history/${name}.%d{yyyy-MM-dd}.log.gz</FileNamePattern>
            <maxHistory>180</maxHistory>
        </rollingPolicy>
        <layout class="ch.qos.logback.classic.PatternLayout">
            <pattern>%date [%thread] %-5level %logger{50}:%L - %msg%n</pattern>
        </layout>
    </appender>
	<appender name="asyncAppender" class="ch.qos.logback.classic.AsyncAppender">
        <queueSize>512</queueSize>
        <appender-ref ref="logfile"/>
    </appender>

    <logger name="com.github.tobato.fastdfs" level="debug" additivity="false">
        <appender-ref ref="stdout"/>
    </logger>
    
    <logger name="cn.chinatowercom.emp.dao" level="DEBUG"/>
	<logger name="cn.chinatowercom.login.dao" level="DEBUG"/>
	<logger name="cn.chinatowercom.menu.dao" level="DEBUG"/>
	<logger name="cn.chinatowercom.nacos.dao" level="DEBUG"/>
	<logger name="cn.chinatowercom.org.dao" level="DEBUG"/>
	<logger name="cn.chinatowercom.project.dao" level="DEBUG"/>
	<logger name="cn.chinatowercom.role.dao" level="DEBUG"/>
	<logger name="cn.chinatowercom.sysDict.dao" level="DEBUG"/>
	<logger name="cn.chinatowercom.system.dao" level="DEBUG"/>

    <!-- root 默认日志配置 ， 注意这里的级别哈！小心生产环境用DEBUG，压爆你的磁盘！-->
    <logger name="org.apache.kafka" level="OFF"/>
    <root level="info">
        <appender-ref ref="asyncAppender"/>
        <appender-ref ref="stdout"/>
    </root>
    
</configuration>
