[{
"id":1,
"name":"张三1",
"phone":"12345678901"
},{
"id":2,
"name":"张三2",
"phone":"12345678901"
},{
"id":3,
"name":"张三3",
"phone":"12345678901"
},{
"id":4,
"name":"张三4",
"phone":"12345678901"
},{
"id":5,
"name":"张三5",
"phone":"12345678901"
},{
"id":6,
"name":"张三6",
"phone":"13345678901"
},{
"id":7,
"name":"王1",
"phone":"13345678901"
},{
"id":8,
"name":"王1",
"phone":"13345678901"
},{
"id":9,
"name":"王1",
"phone":"13345678901"
},{
"id":10,
"name":"王1",
"phone":"13345678901"
},{
"id":11,
"name":"王1",
"phone":"14345678901"
},{
"id":12,
"name":"王1",
"phone":"14345678901"
},{
"id":13,
"name":"王1",
"phone":"12345678901"
},{
"id":14,
"name":"王1",
"phone":"12345678901"
},{
"id":15,
"name":"王1",
"phone":"14345678901"
},{
"id":16,
"name":"王1",
"phone":"15345678901"
},{
"id":17,
"name":"王1",
"phone":"15345678901"
},{
"id":18,
"name":"王1",
"phone":"16345678901"
},{
"id":19,
"name":"王1",
"phone":"12345678901"
},{
"id":20,
"name":"王1",
"phone":"12345678901"
},{
"id":21,
"name":"王1",
"phone":"16345678901"
},{
"id":22,
"name":"王1",
"phone":"16345678901"
},{
"id":23,
"name":"王1",
"phone":"16345678901"
},{
"id":24,
"name":"王1",
"phone":"16345678901"
},{
"id":25,
"name":"王1",
"phone":"15345678901"
},{
"id":26,
"name":"王1",
"phone":"16345678901"
},{
"id":27,
"name":"王1",
"phone":"17345678901"
},{
"id":28,
"name":"王1",
"phone":"17345678901"
},{
"id":29,
"name":"王1",
"phone":"12345678901"
},{
"id":30,
"name":"王1",
"phone":"12345678901"
},{
"id":31,
"name":"王1",
"phone":"12345678901"
},{
"id":32,
"name":"王1",
"phone":"12345678901"
},{
"id":33,
"name":"王1",
"phone":"12345678901"
},{
"id":34,
"name":"王1",
"phone":"12345678901"
},{
"id":35,
"name":"王1",
"phone":"12345678901"
},{
"id":36,
"name":"王1",
"phone":"12345678901"
},{
"id":37,
"name":"王1",
"phone":"12345678901"
},{
"id":38,
"name":"王1",
"phone":"12345678901"
},{
"id":39,
"name":"王1",
"phone":"12345678901"
},{
"id":40,
"name":"王1",
"phone":"12345678901"
},{
"id":41,
"name":"王1",
"phone":"12345678901"
},{
"id":42,
"name":"王1",
"phone":"12345678901"
},{
"id":43,
"name":"王1",
"phone":"12345678901"
},{
"id":44,
"name":"王1",
"phone":"12345678901"
},{
"id":45,
"name":"王1",
"phone":"12345678901"
},{
"id":46,
"name":"王1",
"phone":"12345678901"
},{
"id":47,
"name":"王1",
"phone":"12345678901"
},{
"id":48,
"name":"王1",
"phone":"12345678901"
},{
"id":49,
"name":"王1",
"phone":"12345678901"
},{
"id":50,
"name":"王1",
"phone":"12345678901"
},{
"id":51,
"name":"张三",
"phone":"12345678901"
},{
"id":52,
"name":"王1",
"phone":"12345678901"
},{
"id":53,
"name":"王1",
"phone":"12345678901"
},{
"id":54,
"name":"王1",
"phone":"12345678901"
},{
"id":55,
"name":"王1",
"phone":"12345678901"
},{
"id":56,
"name":"王1",
"phone":"12345678901"
},{
"id":57,
"name":"王1",
"phone":"12345678901"
},{
"id":58,
"name":"王1",
"phone":"12345678901"
},{
"id":59,
"name":"王1",
"phone":"12345678901"
},{
"id":60,
"name":"王1",
"phone":"12345678901"
},{
"id":61,
"name":"王1",
"phone":"12345678901"
},{
"id":62,
"name":"王1",
"phone":"12345678901"
},{
"id":63,
"name":"王1",
"phone":"12345678901"
},{
"id":64,
"name":"王1",
"phone":"12345678901"
},{
"id":65,
"name":"王1",
"phone":"12345678901"
},{
"id":66,
"name":"王1",
"phone":"12345678901"
},{
"id":67,
"name":"王1",
"phone":"12345678901"
},{
"id":68,
"name":"王1",
"phone":"12345678901"
},{
"id":69,
"name":"王1",
"phone":"12345678901"
},{
"id":70,
"name":"王1",
"phone":"12345678901"
},{
"id":71,
"name":"王1",
"phone":"12345678901"
},{
"id":72,
"name":"王1",
"phone":"12345678901"
},{
"id":73,
"name":"王1",
"phone":"12345678901"
},{
"id":74,
"name":"王1",
"phone":"12345678901"
},{
"id":75,
"name":"王1",
"phone":"12345678901"
},{
"id":76,
"name":"王1",
"phone":"12345678901"
},{
"id":77,
"name":"王1",
"phone":"12345678901"
},{
"id":78,
"name":"王1",
"phone":"12345678901"
},{
"id":79,
"name":"王1",
"phone":"12345678901"
},{
"id":80,
"name":"王1",
"phone":"12345678901"
},{
"id":81,
"name":"王1",
"phone":"12345678901"
},{
"id":82,
"name":"王1",
"phone":"12345678901"
},{
"id":83,
"name":"王1",
"phone":"12345678901"
},{
"id":84,
"name":"王1",
"phone":"12345678901"
},{
"id":85,
"name":"王1",
"phone":"12345678901"
},{
"id":86,
"name":"王1",
"phone":"12345678901"
},{
"id":87,
"name":"王1",
"phone":"12345678901"
},{
"id":88,
"name":"王1",
"phone":"12345678901"
},{
"id":89,
"name":"王1",
"phone":"12345678901"
},{
"id":90,
"name":"王1",
"phone":"12345678901"
},{
"id":91,
"name":"王1",
"phone":"12345678901"
},{
"id":92,
"name":"王1",
"phone":"12345678901"
},{
"id":93,
"name":"王1",
"phone":"12345678901"
},{
"id":94,
"name":"王1",
"phone":"12345678901"
},{
"id":95,
"name":"王1",
"phone":"12345678901"
},{
"id":96,
"name":"王1",
"phone":"12345678901"
},{
"id":97,
"name":"王1",
"phone":"12345678901"
},{
"id":98,
"name":"王1",
"phone":"12345678901"
},{
"id":99,
"name":"王1",
"phone":"12345678901"
},{
"id":100,
"name":"王1",
"phone":"12345678901"
}]