<?xml version="1.0" encoding="UTF-8"?>
<configuration debug="false">
    <!-- 引入统一注解日志基础配置 -->
    <include resource="logback-logrecord-config.xml"/>

    <springProperty scope="context" name="springAppName" source="spring.application.name"/>
    <property name="log.pattern"
              value="%d{yyyy-MM-dd HH:mm:ss.SSS} [${springAppName},%X{traceId:-},%X{spanId:-}] [%thread] %-5level %logger{50} - %msg%n"/>
    <property name="SEATA_LOG" value="/app/logs/${system_code}/${service_name}/${port}/seata"/>

    <appender name="STDOUT" class="ch.qos.logback.core.ConsoleAppender">
        <encoder class="ch.qos.logback.classic.encoder.PatternLayoutEncoder">
            <pattern>${log.pattern}</pattern>
        </encoder>
    </appender>

    <!-- 按照每天生成日志文件 -->
    <appender name="SEATA" class="ch.qos.logback.core.rolling.RollingFileAppender">
        <File>${SEATA_LOG}.log</File>
        <rollingPolicy class="ch.qos.logback.core.rolling.TimeBasedRollingPolicy">
            <FileNamePattern>${SEATA_LOG}-%d{yyyy-MM-dd}.zip</FileNamePattern>
            <maxHistory>180</maxHistory>
            <cleanHistoryOnStart>true</cleanHistoryOnStart>
        </rollingPolicy>
        <encoder class="ch.qos.logback.classic.encoder.PatternLayoutEncoder">
            <pattern>${log.pattern}</pattern>
        </encoder>
    </appender>

    <!-- seata相关写到单独日志 -->
    <logger name="io.seata" additivity="false" level="info">
        <appender-ref ref="SEATA"/>
        <appender-ref ref="STDOUT"/>
    </logger>
    <logger name="com.alibaba.cloud.seata" additivity="false" level="info">
        <appender-ref ref="SEATA"/>
        <appender-ref ref="STDOUT"/>
    </logger>

    <root level="INFO">
        <appender-ref ref="STDOUT"/>
    </root>
</configuration>