<?xml version="1.0" encoding="UTF-8"?>
<configuration debug="false">
    <!-- 引入统一注解日志基础配置 -->
    <include resource="logback-logrecord-config.xml"/>

    <springProperty scope="context" name="springAppName" source="spring.application.name"/>
    <property name="log.pattern"
              value="%d{yyyy-MM-dd HH:mm:ss.SSS} [${springAppName},%X{traceId:-},%X{spanId:-}] [%thread] %-5level %logger{50} - %msg%n"/>

    <appender name="STDOUT" class="ch.qos.logback.core.ConsoleAppender">
        <encoder class="ch.qos.logback.classic.encoder.PatternLayoutEncoder">
            <pattern>${log.pattern}</pattern>
        </encoder>
    </appender>

    <root level="INFO">
        <appender-ref ref="STDOUT"/>
    </root>
</configuration>